1|Fern|Bengtson|fbengtson0@ed.gov|Female|128.70.159.223
2|Albertina|Sewart|asewart1@addthis.com|Female|57.6.251.128
3|Walt|Mellonby|wmellonby2@yellowbook.com|Male|143.16.185.47
4|Teresina|Gerault|tgerault3@mapy.cz|Female|40.215.76.64
5|Lou|Profit|lprofit4@newyorker.com|Female|10.245.39.111
6|Lucinda|Aspey|laspey5@ted.com|Female|39.193.89.113
7|Vasilis|Bovis|vbovis6@opera.com|Male|165.194.56.206
8|Toinette|Station|tstation7@de.vu|Female|139.87.250.127
9|Jillie|McGaughey|jmcgaughey8@go.com|Female|124.223.197.93
10|Nevile|Linbohm|nlinbohm9@scribd.com|Male|22.180.222.237
11|Joelie|Wheldon|jwheldona@taobao.com|Female|131.210.7.85
12|Anabel|Decruse|adecruseb@stumbleupon.com|Female|218.5.53.240
13|Quintilla|Udale|qudalec@noaa.gov|Female|3.224.21.237
14|Timoteo|Wallwood|twallwoodd@bloglines.com|Male|35.199.170.37
15|Louise|O'Sculley|losculleye@irs.gov|Female|115.101.93.213
16|Emmery|Rosle|eroslef@blogger.com|Male|255.157.255.164
17|Jenni|Witten|jwitteng@wix.com|Female|57.230.192.75
18|Teodoro|Myers|tmyersh@indiatimes.com|Male|153.7.76.86
19|Andie|Lodevick|alodevicki@accuweather.com|Male|142.181.133.111
20|Olympia|McGrae|omcgraej@cnbc.com|Female|252.92.221.81
21|Joyous|Stubbley|jstubbleyk@si.edu|Female|118.28.101.18
22|Celie|Braban|cbrabanl@apache.org|Female|171.145.121.112
23|Alia|Tiller|atillerm@harvard.edu|Female|64.6.69.158
24|Noell|Kerley|nkerleyn@si.edu|Female|236.3.39.226
25|Stewart|Warren|swarreno@marriott.com|Male|171.217.213.171
26|Neron|Crossland|ncrosslandp@plala.or.jp|Male|58.214.153.202
27|Amity|Jaynes|ajaynesq@unesco.org|Female|13.249.63.169
28|Saleem|Gatlin|sgatlinr@mozilla.com|Male|44.119.162.240
29|Tymon|Feaks|tfeakss@chron.com|Male|223.231.251.223
30|Zacharias|Mousley|zmousleyt@flavors.me|Male|227.125.15.104
31|Nicolle|Castangia|ncastangiau@tinypic.com|Female|55.35.203.209
32|Henry|Garred|hgarredv@hostgator.com|Male|173.216.168.210
33|Margarethe|Shiril|mshirilw@wufoo.com|Female|127.141.23.116
34|Myrah|Bossons|mbossonsx@biblegateway.com|Female|183.93.142.194
35|Craig|Raunds|craundsy@addtoany.com|Male|61.101.159.3
36|Vickie|Murby|vmurbyz@1688.com|Female|150.91.231.212
37|Kingston|Wozencraft|kwozencraft10@jimdo.com|Male|146.9.206.125
38|Lina|MacWilliam|lmacwilliam11@cmu.edu|Female|197.46.198.196
39|Farlee|Utterson|futterson12@sina.com.cn|Male|173.95.142.153
40|Verile|Domesday|vdomesday13@xing.com|Female|206.116.43.12
41|Bathsheba|Gertray|bgertray14@kickstarter.com|Female|124.248.232.181
42|Emelia|Manby|emanby15@unc.edu|Female|28.200.186.200
43|Riccardo|Munnion|rmunnion16@paginegialle.it|Male|162.242.30.158
44|Jerri|Francais|jfrancais17@nps.gov|Male|140.56.121.135
45|Richy|Chazier|rchazier18@java.com|Male|220.230.56.137
46|Tobit|Burditt|tburditt19@unc.edu|Male|67.112.22.230
47|Modestia|Brookwood|mbrookwood1a@time.com|Female|243.207.44.64
48|Thurstan|Capoun|tcapoun1b@yahoo.co.jp|Male|92.112.115.112
49|Cosmo|Corner|ccorner1c@ucoz.ru|Male|220.184.94.45
50|Angele|Aylwin|aaylwin1d@networksolutions.com|Female|53.49.183.187
51|Khalil|Reignould|kreignould1e@bizjournals.com|Male|22.58.17.224
52|Oliver|O'Henehan|oohenehan1f@fc2.com|Male|148.145.223.125
53|Tabbitha|Dangerfield|tdangerfield1g@amazon.com|Female|150.131.71.72
54|Prisca|Jermy|pjermy1h@boston.com|Female|82.97.130.179
55|Brenden|Blackmoor|bblackmoor1i@craigslist.org|Male|133.181.189.219
56|Henrieta|Papis|hpapis1j@goo.gl|Female|172.31.29.98
57|Arthur|Petrussi|apetrussi1k@live.com|Male|28.246.57.99
58|Rosie|Peers|rpeers1l@vk.com|Female|162.30.116.151
59|Herman|Janicijevic|hjanicijevic1m@apple.com|Male|136.15.6.115
60|Marcellina|Solly|msolly1n@youku.com|Female|82.121.83.177
61|Dolley|Phythien|dphythien1o@webmd.com|Female|255.3.250.150
62|Gnni|Heeron|gheeron1p@army.mil|Female|16.96.160.103
63|Pandora|Fickling|pfickling1q@washington.edu|Female|210.184.225.103
64|Laurella|Jaulmes|ljaulmes1r@netscape.com|Female|75.207.105.223
65|Giulio|Meadley|gmeadley1s@upenn.edu|Male|196.27.80.239
66|Malchy|Brennand|mbrennand1t@nhs.uk|Male|89.239.65.219
67|Kinny|Wellbank|kwellbank1u@aol.com|Male|123.49.108.65
68|Nickolaus|Reach|nreach1v@amazon.de|Male|68.26.255.109
69|Jeanie|Baxstare|jbaxstare1w@nasa.gov|Female|24.192.67.148
70|Raine|Vitte|rvitte1x@joomla.org|Female|105.111.91.218
71|Enid|Logsdail|elogsdail1y@squidoo.com|Female|191.126.171.50
72|Duff|Winser|dwinser1z@patch.com|Male|20.89.8.33
73|Natale|Tommen|ntommen20@answers.com|Male|191.47.42.72
74|Staffard|McVeighty|smcveighty21@soup.io|Male|32.235.206.113
75|Fern|Plank|fplank22@youtube.com|Female|89.179.187.146
76|Morganne|Dillon|mdillon23@feedburner.com|Female|198.13.230.150
77|Barthel|Grahlmans|bgrahlmans24@baidu.com|Male|235.217.99.17
78|Minnaminnie|Mutch|mmutch25@infoseek.co.jp|Female|249.153.125.230
79|Brucie|Fresson|bfresson26@ehow.com|Male|51.162.69.102
80|Hedi|Sally|hsally27@imgur.com|Female|14.194.5.74
81|Heidi|Peirazzi|hpeirazzi28@shinystat.com|Female|2.173.19.113
82|Rudolfo|Kohrs|rkohrs29@blogger.com|Male|22.112.205.151
83|Gene|Pawsey|gpawsey2a@usda.gov|Female|163.180.71.145
84|Karlee|Olyunin|kolyunin2b@newyorker.com|Female|94.231.189.226
85|Hatty|Kingsnode|hkingsnode2c@usda.gov|Female|3.236.236.222
86|Maddie|Northbridge|mnorthbridge2d@networkadvertising.org|Male|59.40.15.245
87|Biddy|Bousfield|bbousfield2e@weebly.com|Female|117.90.75.105
88|Engracia|Gebuhr|egebuhr2f@patch.com|Female|106.235.203.191
89|Lew|Kernoghan|lkernoghan2g@irs.gov|Male|39.125.204.62
90|Vida|Skeech|vskeech2h@chron.com|Female|145.93.205.36
91|Erika|Renhard|erenhard2i@opera.com|Female|187.42.63.54
92|Pepita|McCluskey|pmccluskey2j@cbsnews.com|Female|36.110.88.38
93|Alidia|Loudiane|aloudiane2k@cbc.ca|Female|98.49.138.179
94|Katey|Hodcroft|khodcroft2l@tinypic.com|Female|83.230.242.139
95|Calida|Rasper|crasper2m@slideshare.net|Female|188.244.51.162
96|Craggie|Kurt|ckurt2n@wired.com|Male|225.56.66.101
97|Vivian|Ramme|vramme2o@blogger.com|Female|133.50.37.162
98|Alwyn|Van Hove|avanhove2p@booking.com|Male|154.33.211.13
99|Camile|Dorbon|cdorbon2q@epa.gov|Female|81.86.94.196
100|Levi|Hinckes|lhinckes2r@redcross.org|Male|113.194.203.242
101|Joell|Coker|jcoker2s@t-online.de|Female|82.249.144.179
102|Rhoda|Gee|rgee2t@diigo.com|Female|206.240.146.48
103|Rubetta|Greenstead|rgreenstead2u@tripadvisor.com|Female|118.71.153.148
104|Merola|Hanhardt|mhanhardt2v@addtoany.com|Female|122.187.237.97
105|Zarah|Crossgrove|zcrossgrove2w@fotki.com|Female|172.133.254.65
106|Zared|Sparrowe|zsparrowe2x@berkeley.edu|Male|194.238.201.233
107|Terza|Pryce|tpryce2y@shareasale.com|Female|210.158.173.39
108|Bartolomeo|Borthe|bborthe2z@independent.co.uk|Male|71.207.187.222
109|Tiertza|Caig|tcaig30@diigo.com|Female|78.76.67.109
110|Bonnibelle|Gutsell|bgutsell31@cam.ac.uk|Female|59.79.153.198
111|Danika|Georgiades|dgeorgiades32@adobe.com|Female|91.165.175.102
112|Hoyt|Lackmann|hlackmann33@bluehost.com|Male|139.85.118.232
113|Jordanna|Woodger|jwoodger34@issuu.com|Female|222.202.20.98
114|Anastasie|McAvey|amcavey35@addtoany.com|Female|233.120.210.163
115|Ephrayim|Farlam|efarlam36@ehow.com|Male|77.204.175.62
116|Sherwood|O'Crigane|socrigane37@multiply.com|Male|132.201.124.185
117|Daren|Cornelleau|dcornelleau38@ifeng.com|Male|166.183.60.189
118|Katrina|Kemmons|kkemmons39@ibm.com|Female|121.92.139.179
119|Junia|Glave|jglave3a@amazonaws.com|Female|212.147.215.236
120|Malory|Ahmad|mahmad3b@domainmarket.com|Female|155.218.162.58
121|Kelbee|Tibbits|ktibbits3c@i2i.jp|Male|125.14.249.177
122|Erik|Wraxall|ewraxall3d@nature.com|Male|234.1.67.95
123|Chantalle|Atlee|catlee3e@aboutads.info|Female|167.149.142.36
124|Cortney|Fandrich|cfandrich3f@salon.com|Female|146.217.231.33
125|Dorelia|Coyne|dcoyne3g@bbb.org|Female|46.24.240.162
126|Arel|Bellinger|abellinger3h@symantec.com|Male|218.117.196.66
127|Davine|Middlemist|dmiddlemist3i@shop-pro.jp|Female|1.121.214.209
128|Pammy|Pulsford|ppulsford3j@uiuc.edu|Female|253.228.223.194
129|Waylen|Caughey|wcaughey3k@istockphoto.com|Male|41.213.0.109
130|Lina|MacGall|lmacgall3l@pagesperso-orange.fr|Female|142.127.237.161
131|Marline|Spitell|mspitell3m@yahoo.co.jp|Female|164.108.210.201
132|Tristan|Ferrers|tferrers3n@reference.com|Male|105.117.125.144
133|Suellen|Riddlesden|sriddlesden3o@quantcast.com|Female|39.23.184.113
134|Ulises|Kase|ukase3p@quantcast.com|Male|232.202.58.125
135|Kyla|McCole|kmccole3q@amazon.de|Female|166.143.17.120
136|Rik|Kirdsch|rkirdsch3r@taobao.com|Male|234.36.170.213
137|Fleurette|Spargo|fspargo3s@vk.com|Female|169.213.232.207
138|Shelton|Slyvester|sslyvester3t@eventbrite.com|Male|197.29.31.61
139|Georgena|Meeson|gmeeson3u@gov.uk|Female|98.107.141.35
140|Edsel|Spini|espini3v@hatena.ne.jp|Male|26.143.246.67
141|Irving|Jobling|ijobling3w@army.mil|Male|236.77.97.18
142|Wandis|Hayfield|whayfield3x@de.vu|Female|1.173.230.44
143|Leslie|Kupper|lkupper3y@cornell.edu|Male|203.245.72.48
144|Leyla|Deery|ldeery3z@prlog.org|Female|134.242.219.151
145|Brenden|O'Fallon|bofallon40@businesswire.com|Male|3.43.33.124
146|Jase|Balnave|jbalnave41@youku.com|Male|38.157.165.30
147|Kessia|Tooke|ktooke42@deviantart.com|Female|66.215.154.4
148|Shae|Carson|scarson43@tumblr.com|Male|76.94.3.177
149|Collin|MacDonald|cmacdonald44@skype.com|Male|8.242.42.57
150|Alanna|Buttwell|abuttwell45@buzzfeed.com|Female|48.101.135.208
151|Ulric|Carlino|ucarlino46@spiegel.de|Male|166.46.105.145
152|Cassondra|Van Dale|cvandale47@skyrock.com|Female|109.130.1.230
153|Karmen|Willmott|kwillmott48@sbwire.com|Female|104.21.119.45
154|Ellsworth|Pettyfar|epettyfar49@g.co|Male|2.165.162.228
155|Meghan|Bredee|mbredee4a@rambler.ru|Female|88.129.58.22
156|Jania|Hollow|jhollow4b@ucoz.ru|Female|134.156.122.130
157|Bear|Falloon|bfalloon4c@ebay.co.uk|Male|214.12.167.175
158|Tabby|Squirrell|tsquirrell4d@baidu.com|Female|94.121.62.144
159|Antin|Browell|abrowell4e@omniture.com|Male|0.248.23.217
160|Tristan|Jury|tjury4f@plala.or.jp|Male|128.67.184.171
161|Martica|Deniset|mdeniset4g@cmu.edu|Female|164.24.130.78
162|Lara|McIlreavy|lmcilreavy4h@booking.com|Female|98.81.69.51
163|Thane|Mallock|tmallock4i@scientificamerican.com|Male|174.38.242.1
164|Roth|St. Quintin|rstquintin4j@sphinn.com|Male|144.7.209.210
165|Eddie|Buttner|ebuttner4k@opera.com|Male|170.31.181.48
166|Philis|Wooles|pwooles4l@tuttocitta.it|Female|18.177.165.12
167|Brandie|Sabie|bsabie4m@soundcloud.com|Female|222.252.162.129
168|Linn|Nott|lnott4n@imdb.com|Male|109.135.133.228
169|Blinny|Oby|boby4o@mac.com|Female|244.37.87.22
170|Rahal|Elce|relce4p@opensource.org|Female|207.205.159.208
171|Sarine|Newing|snewing4q@pagesperso-orange.fr|Female|21.50.218.65
172|Bibby|Leathe|bleathe4r@bluehost.com|Female|224.40.181.197
173|Felice|Tootin|ftootin4s@earthlink.net|Female|214.218.11.162
174|Moira|Prester|mprester4t@newyorker.com|Female|15.45.43.115
175|Ianthe|Yukhin|iyukhin4u@163.com|Female|189.167.103.137
176|Darbie|Menendez|dmenendez4v@disqus.com|Female|118.41.195.232
177|Monte|Brixey|mbrixey4w@amazonaws.com|Male|223.54.111.238
178|Linet|Guidelli|lguidelli4x@livejournal.com|Female|250.179.151.193
179|Audra|Duthie|aduthie4y@histats.com|Female|79.116.147.134
180|Giustina|Dillingston|gdillingston4z@reddit.com|Female|134.190.37.128
181|Bartholomew|Bettaney|bbettaney50@printfriendly.com|Male|24.242.123.234
182|Trudey|Tomczynski|ttomczynski51@time.com|Female|37.18.180.108
183|Baxy|Yesenin|byesenin52@ebay.co.uk|Male|33.195.192.219
184|Cully|Gratrix|cgratrix53@springer.com|Male|139.204.135.43
185|Paulie|Burdell|pburdell54@harvard.edu|Male|68.20.72.179
186|Estrella|Mellody|emellody55@shutterfly.com|Female|138.210.144.56
187|Barbey|Vedntyev|bvedntyev56@sun.com|Female|31.240.189.238
188|Aryn|Gladbeck|agladbeck57@biblegateway.com|Female|1.77.227.14
189|Ahmad|Tidmarsh|atidmarsh58@arstechnica.com|Male|171.55.15.30
190|Deonne|Dunkinson|ddunkinson59@woothemes.com|Female|168.170.37.243
191|Yorgos|O' Concannon|yoconcannon5a@deviantart.com|Male|59.13.88.41
192|Jeffie|Louden|jlouden5b@nhs.uk|Male|203.195.128.133
193|Hazel|Garnar|hgarnar5c@last.fm|Male|169.100.45.174
194|Darcy|McGrouther|dmcgrouther5d@altervista.org|Male|8.202.144.211
195|Alysa|Piggrem|apiggrem5e@theglobeandmail.com|Female|129.59.124.147
196|Aurthur|Shurmer|ashurmer5f@quantcast.com|Male|59.243.226.173
197|Ernie|Donnell|edonnell5g@narod.ru|Male|228.139.88.179
198|Bari|Balaam|bbalaam5h@yale.edu|Female|240.211.53.250
199|Byrle|Nono|bnono5i@gravatar.com|Male|123.144.52.206
200|Trevar|Oats|toats5j@dion.ne.jp|Male|107.47.60.113
201|Dyane|Donaway|ddonaway5k@domainmarket.com|Female|158.75.3.221
202|Briney|Witherdon|bwitherdon5l@unc.edu|Female|231.237.68.54
203|Collin|Heater|cheater5m@cargocollective.com|Male|75.215.180.27
204|Arther|Bosquet|abosquet5n@skyrock.com|Male|168.231.87.197
205|Humphrey|McAllen|hmcallen5o@usda.gov|Male|242.211.214.67
206|Tally|BoHlingolsen|tbohlingolsen5p@forbes.com|Male|69.173.128.134
207|Durante|Massey|dmassey5q@sphinn.com|Male|254.68.96.194
208|Dana|Horsewood|dhorsewood5r@gnu.org|Female|92.86.80.131
209|Gwenny|Seydlitz|gseydlitz5s@blogger.com|Female|108.159.227.213
210|Kendricks|Pickless|kpickless5t@opera.com|Male|41.118.12.204
211|Quintina|Carley|qcarley5u@twitpic.com|Female|205.96.101.83
212|Diahann|Longmaid|dlongmaid5v@github.io|Female|246.38.12.123
213|Larine|Schoenrock|lschoenrock5w@w3.org|Female|59.18.6.206
214|Abdul|Brodest|abrodest5x@chron.com|Male|91.216.44.235
215|Andres|Burry|aburry5y@1688.com|Male|66.251.250.29
216|Valeria|Ducham|vducham5z@sciencedaily.com|Female|216.77.114.221
217|Everard|Buzek|ebuzek60@elegantthemes.com|Male|213.56.105.201
218|Bernadette|O'Hegertie|bohegertie61@businessweek.com|Female|17.150.176.99
219|Teodora|Chomiszewski|tchomiszewski62@addthis.com|Female|204.40.240.54
220|Klemens|Krop|kkrop63@symantec.com|Male|112.137.178.192
221|Johnny|Osbourne|josbourne64@technorati.com|Male|154.161.221.167
222|Tresa|Malletratt|tmalletratt65@boston.com|Female|190.61.229.193
223|Nannie|Littlejohns|nlittlejohns66@yelp.com|Female|249.42.47.178
224|Cristina|Southey|csouthey67@about.me|Female|172.75.165.83
225|Alexandra|Gillani|agillani68@mozilla.com|Female|196.142.189.124
226|Marje|Stowe|mstowe69@tripadvisor.com|Female|18.242.212.19
227|Ambur|Billyeald|abillyeald6a@macromedia.com|Female|247.184.163.190
228|Jamill|Fury|jfury6b@ebay.co.uk|Male|56.250.161.194
229|Sascha|Sparke|ssparke6c@google.co.uk|Male|35.240.52.5
230|Bonny|Dimmack|bdimmack6d@ocn.ne.jp|Female|142.90.78.63
231|Malina|Bellenger|mbellenger6e@examiner.com|Female|189.162.123.36
232|Jordain|Crewdson|jcrewdson6f@usnews.com|Female|62.230.86.143
233|Trenton|Casement|tcasement6g@istockphoto.com|Male|89.147.115.121
234|Brok|Pittoli|bpittoli6h@i2i.jp|Male|101.191.219.66
235|Erich|Matthaus|ematthaus6i@furl.net|Male|6.18.235.38
236|Nancie|Rushford|nrushford6j@ted.com|Female|114.191.27.26
237|De|Akett|dakett6k@alibaba.com|Female|166.202.36.74
238|Dedra|Calway|dcalway6l@google.co.jp|Female|84.30.20.141
239|Beauregard|Folkerd|bfolkerd6m@naver.com|Male|96.87.11.181
240|Kayle|Cleary|kcleary6n@auda.org.au|Female|228.10.24.175
241|Meg|Yve|myve6o@cmu.edu|Female|204.190.231.65
242|Harley|Leadbeater|hleadbeater6p@pbs.org|Female|241.222.205.38
243|Babara|Wye|bwye6q@opera.com|Female|104.131.154.57
244|Clovis|Allwell|callwell6r@accuweather.com|Female|160.153.248.48
245|Panchito|Petrak|ppetrak6s@tinyurl.com|Male|161.27.41.225
246|Thorndike|Eixenberger|teixenberger6t@deliciousdays.com|Male|131.55.95.49
247|Alexandrina|Saul|asaul6u@dell.com|Female|166.195.91.227
248|Glenn|Brackpool|gbrackpool6v@google.es|Male|175.249.84.113
249|Jeanie|McMechan|jmcmechan6w@eepurl.com|Female|155.230.136.163
250|Shanan|Smees|ssmees6x@behance.net|Male|45.211.246.184
251|Aluino|Barnham|abarnham6y@aboutads.info|Male|252.79.153.20
252|Jeniffer|Gillopp|jgillopp6z@cdc.gov|Female|39.42.230.184
253|Kettie|Lillistone|klillistone70@cdc.gov|Female|108.197.79.12
254|Benedicta|Geerdts|bgeerdts71@washington.edu|Female|248.81.143.189
255|Devi|McGiffin|dmcgiffin72@shop-pro.jp|Female|226.171.28.25
256|Wynn|Collocott|wcollocott73@aboutads.info|Female|26.168.225.239
257|Wallache|Nevet|wnevet74@gmpg.org|Male|183.167.185.135
258|Anne|Farrears|afarrears75@patch.com|Female|243.70.91.31
259|Gerick|Leed|gleed76@constantcontact.com|Male|233.199.166.245
260|Darcy|Vegas|dvegas77@msu.edu|Female|26.180.68.88
261|Araldo|Kedward|akedward78@si.edu|Male|255.148.133.255
262|Paola|Semper|psemper79@youtu.be|Female|245.97.54.52
263|Hube|Cato|hcato7a@nbcnews.com|Male|54.49.182.189
264|Talbert|Lehrahan|tlehrahan7b@chronoengine.com|Male|168.125.162.100
265|Niven|Gregoretti|ngregoretti7c@va.gov|Male|211.255.83.135
266|Robina|Hue|rhue7d@weather.com|Female|52.1.146.255
267|Veronica|Broadstock|vbroadstock7e@tmall.com|Female|70.113.136.32
268|Sabra|Ewbach|sewbach7f@behance.net|Female|32.61.214.242
269|Virgina|Ensley|vensley7g@prweb.com|Female|240.20.255.245
270|Cristobal|Southworth|csouthworth7h@sfgate.com|Male|202.232.214.102
271|Fernanda|Labro|flabro7i@goo.ne.jp|Female|188.161.209.48
272|Rafaellle|Stuart|rstuart7j@homestead.com|Male|141.219.70.54
273|Raff|Grimoldby|rgrimoldby7k@wisc.edu|Male|230.173.151.130
274|Dale|Baggott|dbaggott7l@nba.com|Female|90.128.209.164
275|Aksel|Kinton|akinton7m@miibeian.gov.cn|Male|249.109.198.134
276|Pammie|Mortlock|pmortlock7n@woothemes.com|Female|89.114.166.220
277|Bruno|Braunds|bbraunds7o@java.com|Male|42.114.102.117
278|Marlane|Measham|mmeasham7p@mapquest.com|Female|134.163.45.8
279|Murry|Castagne|mcastagne7q@fotki.com|Male|119.230.71.199
280|Konstantin|Shearmer|kshearmer7r@people.com.cn|Male|183.181.98.196
281|Jessalin|Beldan|jbeldan7s@diigo.com|Female|228.175.220.71
282|Honoria|Yeoman|hyeoman7t@paginegialle.it|Female|222.85.214.39
283|Nicko|Willavoys|nwillavoys7u@e-recht24.de|Male|215.236.86.220
284|Elfrida|Eaddy|eeaddy7v@bizjournals.com|Female|221.136.3.25
285|Wolfie|Ellens|wellens7w@symantec.com|Male|155.190.162.227
286|Teodora|Choppin|tchoppin7x@imdb.com|Female|211.66.72.107
287|Brandy|Ditter|bditter7y@dot.gov|Male|43.165.108.28
288|Karol|Knibley|kknibley7z@oracle.com|Female|254.222.239.139
289|Auguste|McNysche|amcnysche80@smh.com.au|Female|242.165.5.195
290|Sterne|Wolton|swolton81@apple.com|Male|165.11.252.242
291|Nicoli|Ledley|nledley82@mapy.cz|Female|207.187.236.28
292|Velvet|MacGorrie|vmacgorrie83@blog.com|Female|246.15.147.173
293|Orton|Bysh|obysh84@edublogs.org|Male|16.46.165.10
294|Frasquito|Vowell|fvowell85@bbc.co.uk|Male|101.190.164.53
295|Paton|Pursehouse|ppursehouse86@reference.com|Male|157.241.220.29
296|Flossie|Damp|fdamp87@msu.edu|Female|55.244.17.162
297|Klemens|Lockitt|klockitt88@smugmug.com|Male|231.231.78.40
298|Damaris|Sumption|dsumption89@elpais.com|Female|34.140.49.54
299|Rena|Bresson|rbresson8a@examiner.com|Female|102.197.61.190
300|Janelle|Vuittet|jvuittet8b@smh.com.au|Female|121.47.60.176
301|Adria|Sleney|asleney8c@reverbnation.com|Female|2.182.131.86
302|Harlie|Ginner|hginner8d@naver.com|Female|1.41.249.49
303|Gerrie|Lilion|glilion8e@ucsd.edu|Female|127.91.221.12
304|Ginger|Emblen|gemblen8f@reference.com|Male|214.138.239.216
305|Aldin|Skace|askace8g@so-net.ne.jp|Male|111.230.175.66
306|Laure|Jaukovic|ljaukovic8h@mail.ru|Female|166.248.24.229
307|Bordy|Holson|bholson8i@rambler.ru|Male|211.38.29.206
308|Daryle|Colegrove|dcolegrove8j@angelfire.com|Male|205.6.217.77
309|Goldia|Maryott|gmaryott8k@biglobe.ne.jp|Female|164.142.46.43
310|Lindsy|Gabbat|lgabbat8l@independent.co.uk|Female|207.230.69.197
311|Jerrilee|Cavalier|jcavalier8m@nydailynews.com|Female|134.197.82.175
312|Jude|Bailes|jbailes8n@prlog.org|Male|124.59.22.210
313|Ignacius|Bossingham|ibossingham8o@ted.com|Male|126.240.232.218
314|Caroline|Sherr|csherr8p@sun.com|Female|174.55.88.26
315|Vanna|Hurley|vhurley8q@cdbaby.com|Female|42.38.82.244
316|Jody|Paton|jpaton8r@tinypic.com|Male|245.243.70.15
317|Any|Hurne|ahurne8s@prlog.org|Male|121.71.136.77
318|Elijah|Vlasenko|evlasenko8t@chron.com|Male|194.31.232.153
319|Sterne|Stickford|sstickford8u@telegraph.co.uk|Male|39.134.63.148
320|Marlowe|McTurlough|mmcturlough8v@google.de|Male|106.135.202.103
321|Leesa|Giacobo|lgiacobo8w@webs.com|Female|253.202.42.97
322|Brannon|Stiller|bstiller8x@si.edu|Male|171.148.225.238
323|Hayley|Bluett|hbluett8y@surveymonkey.com|Female|52.108.165.240
324|Kevina|Gostridge|kgostridge8z@pen.io|Female|122.140.52.139
325|Nickey|Reford|nreford90@ifeng.com|Male|253.45.44.136
326|Corrianne|Melbury|cmelbury91@mail.ru|Female|132.149.77.81
327|Kristofer|Hortop|khortop92@taobao.com|Male|241.32.217.163
328|Windham|Livezey|wlivezey93@engadget.com|Male|181.193.40.220
329|Crosby|Cogdon|ccogdon94@wix.com|Male|105.43.113.50
330|Renaud|Rowcliffe|rrowcliffe95@tmall.com|Male|206.97.201.226
331|Eddie|Minger|eminger96@webeden.co.uk|Female|50.107.24.7
332|Bridie|Ironmonger|bironmonger97@hud.gov|Female|32.130.211.193
333|Jeniece|Sommerling|jsommerling98@wunderground.com|Female|5.184.182.162
334|Bail|Bulward|bbulward99@imageshack.us|Male|71.139.68.106
335|Kizzie|Sealand|ksealand9a@feedburner.com|Female|226.148.69.208
336|Elmer|Davley|edavley9b@lulu.com|Male|90.45.33.182
337|Raimund|Dearnley|rdearnley9c@cbslocal.com|Male|9.117.39.87
338|Lesly|Trahair|ltrahair9d@mediafire.com|Female|190.71.132.187
339|Lianna|Weddeburn - Scrimgeour|lweddeburnscrimgeour9e@infoseek.co.jp|Female|223.97.114.204
340|Natal|Geffen|ngeffen9f@hud.gov|Male|225.199.158.33
341|Julian|Westfield|jwestfield9g@elegantthemes.com|Male|130.189.241.152
342|Martie|Tubritt|mtubritt9h@guardian.co.uk|Male|159.227.237.153
343|Leelah|Troni|ltroni9i@a8.net|Female|24.115.239.56
344|Gibbie|Inglish|ginglish9j@usatoday.com|Male|64.153.225.39
345|Jorgan|Butterfield|jbutterfield9k@netscape.com|Male|218.106.42.147
346|Arleen|Bithany|abithany9l@mysql.com|Female|46.64.128.191
347|Nomi|Farmer|nfarmer9m@printfriendly.com|Female|59.2.226.18
348|Fidelity|Wisniowski|fwisniowski9n@cpanel.net|Female|152.113.36.198
349|Pietra|Ponter|pponter9o@list-manage.com|Female|193.251.158.93
350|Lucila|Belward|lbelward9p@joomla.org|Female|30.178.148.50
351|Harriott|Newing|hnewing9q@over-blog.com|Female|19.96.201.148
352|Romonda|Capeloff|rcapeloff9r@army.mil|Female|54.149.247.132
353|Zarah|Okroy|zokroy9s@163.com|Female|53.21.144.84
354|Whit|Linch|wlinch9t@fema.gov|Male|249.5.11.186
355|Evyn|Bullock|ebullock9u@linkedin.com|Male|23.11.218.25
356|Jorge|Glassford|jglassford9v@blogger.com|Male|59.164.101.37
357|Osgood|Dybald|odybald9w@wikimedia.org|Male|255.252.149.217
358|Tessa|Eplate|teplate9x@rediff.com|Female|26.30.223.183
359|Vivian|Werlock|vwerlock9y@seattletimes.com|Female|53.192.220.136
360|Kaiser|Maybery|kmaybery9z@pen.io|Male|111.91.206.240
361|Bent|Chanders|bchandersa0@mysql.com|Male|48.94.48.97
362|Kareem|Newey|kneweya1@spotify.com|Male|101.216.72.254
363|Edvard|Temperley|etemperleya2@google.cn|Male|182.179.7.168
364|Tab|Fury|tfurya3@uiuc.edu|Male|107.40.133.83
365|Mattheus|Abbis|mabbisa4@cnet.com|Male|216.29.235.108
366|Timothee|Rutley|trutleya5@bbc.co.uk|Male|127.174.139.10
367|Meghann|Andrichak|mandrichaka6@independent.co.uk|Female|220.99.197.237
368|Madison|Wescott|mwescotta7@reverbnation.com|Male|130.119.162.139
369|Jase|Stainland|jstainlanda8@ibm.com|Male|97.192.55.55
370|Wyatt|Barwick|wbarwicka9@telegraph.co.uk|Male|164.193.44.148
371|Filberto|Pickless|fpicklessaa@ucsd.edu|Male|239.185.100.133
372|Josefa|Berrill|jberrillab@comsenz.com|Female|64.80.37.58
373|Delores|Harker|dharkerac@nih.gov|Female|189.102.232.112
374|Chucho|Matushenko|cmatushenkoad@ox.ac.uk|Male|123.249.51.124
375|Raleigh|Baptista|rbaptistaae@1688.com|Male|215.14.210.78
376|Susana|Bleakley|sbleakleyaf@posterous.com|Female|219.30.197.249
377|Emlyn|Gribbin|egribbinag@google.pl|Male|115.68.128.134
378|Allyn|Comello|acomelloah@hexun.com|Female|129.89.167.32
379|Donni|Gair|dgairai@shutterfly.com|Female|149.78.54.219
380|Billi|Makinson|bmakinsonaj@salon.com|Female|204.116.64.168
381|Errick|Dibbert|edibbertak@opensource.org|Male|192.177.80.67
382|Valentine|Westfield|vwestfieldal@timesonline.co.uk|Female|235.32.61.219
383|Yvette|Beharrell|ybeharrellam@netlog.com|Female|227.32.199.71
384|Imogen|Fernyhough|ifernyhoughan@bigcartel.com|Female|50.18.16.90
385|Salli|Cocklin|scocklinao@taobao.com|Female|132.254.103.79
386|Syman|Mendoza|smendozaap@utexas.edu|Male|23.193.160.159
387|Kinsley|Urrey|kurreyaq@theatlantic.com|Male|116.204.228.71
388|Elisha|Mingauld|emingauldar@fda.gov|Male|190.172.174.19
389|Alberik|Stillman|astillmanas@addthis.com|Male|218.175.230.117
390|Tristam|Crumpton|tcrumptonat@creativecommons.org|Male|46.120.158.171
391|Stephenie|Roth|srothau@uol.com.br|Female|180.131.194.75
392|Tedman|Omond|tomondav@dion.ne.jp|Male|12.103.74.140
393|Ambur|Mindenhall|amindenhallaw@cnet.com|Female|21.68.86.193
394|Luca|Reilly|lreillyax@aol.com|Male|149.158.20.120
395|Arlinda|Bendtsen|abendtsenay@ted.com|Female|200.15.136.229
396|Ursuline|Greaser|ugreaseraz@marketwatch.com|Female|146.64.238.254
397|Lenna|Nix|lnixb0@jalbum.net|Female|150.168.89.123
398|Thorn|Hiscocks|thiscocksb1@cornell.edu|Male|190.233.49.43
399|Tomas|Puckey|tpuckeyb2@army.mil|Male|204.55.30.253
400|Lynda|Ishchenko|lishchenkob3@comsenz.com|Female|202.207.153.78
401|Kendall|Tyers|ktyersb4@accuweather.com|Male|151.105.218.66
402|Wyn|Joules|wjoulesb5@nih.gov|Male|92.72.76.226
403|Welby|Kaley|wkaleyb6@gnu.org|Male|203.53.150.97
404|Emmerich|Spacey|espaceyb7@mac.com|Male|80.95.234.128
405|Thorin|Youtead|tyouteadb8@php.net|Male|225.174.35.160
406|Wilhelmine|Duffer|wdufferb9@youtu.be|Female|2.247.106.76
407|Allister|Plumstead|aplumsteadba@shinystat.com|Male|164.175.104.39
408|Bron|Celez|bcelezbb@ox.ac.uk|Male|141.81.13.251
409|Carleen|Reven|crevenbc@prnewswire.com|Female|166.75.45.109
410|Olivette|Hundley|ohundleybd@freewebs.com|Female|221.182.241.251
411|Morna|Hadye|mhadyebe@dot.gov|Female|83.73.123.211
412|Robenia|Leipelt|rleipeltbf@meetup.com|Female|198.201.80.70
413|Nolan|Overlow|noverlowbg@google.ca|Male|141.143.191.125
414|Rice|Wrefford|rwreffordbh@soup.io|Male|184.105.217.134
415|Lindsey|Minchin|lminchinbi@economist.com|Male|157.247.37.33
416|Boyd|Aldwinckle|baldwincklebj@desdev.cn|Male|35.34.113.107
417|Alexio|Cases|acasesbk@bloomberg.com|Male|37.52.23.188
418|Alwin|Willatts|awillattsbl@home.pl|Male|2.37.82.125
419|Duky|Donoher|ddonoherbm@pagesperso-orange.fr|Male|176.167.97.81
420|Vernon|Blackway|vblackwaybn@tumblr.com|Male|108.211.89.121
421|Desi|Mytton|dmyttonbo@so-net.ne.jp|Male|42.228.58.166
422|Krishnah|Iacomelli|kiacomellibp@woothemes.com|Male|87.72.210.179
423|Jacinthe|Cabrera|jcabrerabq@washingtonpost.com|Female|170.11.98.125
424|Mason|Goosnell|mgoosnellbr@cnet.com|Male|9.254.254.82
425|Camellia|Flemyng|cflemyngbs@technorati.com|Female|104.25.138.38
426|Chrystal|Tiron|ctironbt@dmoz.org|Female|209.251.250.205
427|Adelaide|Tyce|atycebu@auda.org.au|Female|32.129.37.35
428|Stephi|Andree|sandreebv@hc360.com|Female|75.118.60.193
429|Stacy|Veneur|sveneurbw@google.cn|Female|221.33.179.155
430|Anthea|Lazar|alazarbx@whitehouse.gov|Female|182.84.46.176
431|Birch|Hullock|bhullockby@ft.com|Male|197.222.110.78
432|Willow|Van Arsdale|wvanarsdalebz@quantcast.com|Female|180.153.213.245
433|Tulley|Euels|teuelsc0@businesswire.com|Male|20.173.45.51
434|Janeva|Scobie|jscobiec1@redcross.org|Female|108.105.29.1
435|Lucian|Burgis|lburgisc2@booking.com|Male|152.76.249.163
436|Jeremiah|Maharey|jmahareyc3@naver.com|Male|40.151.226.79
437|Jorry|Frankis|jfrankisc4@fotki.com|Female|142.99.189.98
438|Aubree|Coaten|acoatenc5@google.co.jp|Female|235.244.101.65
439|Ali|Hearns|ahearnsc6@webeden.co.uk|Female|135.183.202.107
440|Brynna|Wooler|bwoolerc7@sina.com.cn|Female|227.62.84.10
441|Kirsti|Bawden|kbawdenc8@stanford.edu|Female|28.43.134.219
442|Barny|Dearle-Palser|bdearlepalserc9@blogspot.com|Male|211.31.119.51
443|Nessa|Cassidy|ncassidyca@dailymotion.com|Female|105.183.27.67
444|Rosalinda|Stanworth|rstanworthcb@imdb.com|Female|3.222.36.32
445|Rycca|Cloughton|rcloughtoncc@virginia.edu|Female|162.180.211.234
446|Lukas|Trengrove|ltrengrovecd@ask.com|Male|11.148.123.161
447|Ree|Ansett|ransettce@jiathis.com|Female|97.119.103.87
448|Maighdiln|Simister|msimistercf@twitter.com|Female|241.145.163.191
449|Barnebas|Meadley|bmeadleycg@list-manage.com|Male|227.74.228.215
450|Akim|Gabbot|agabbotch@bravesites.com|Male|139.145.203.100
451|Lydie|Kuscha|lkuschaci@comcast.net|Female|179.220.129.172
452|Bernelle|Ibarra|bibarracj@forbes.com|Female|212.5.239.211
453|Peria|Durrans|pdurransck@amazonaws.com|Female|156.91.74.9
454|Iolanthe|Hunsworth|ihunsworthcl@multiply.com|Female|37.99.127.126
455|Donica|Glavin|dglavincm@geocities.com|Female|40.82.221.214
456|Marji|Ansell|mansellcn@elegantthemes.com|Female|41.32.73.86
457|Annabelle|Waple|awapleco@tinypic.com|Female|198.8.186.82
458|Jed|Skittle|jskittlecp@addtoany.com|Male|21.49.100.119
459|Janessa|Kerbey|jkerbeycq@wp.com|Female|193.20.181.245
460|Aaren|Matijasevic|amatijaseviccr@tripadvisor.com|Female|239.37.80.137
461|Rossy|Reiner|rreinercs@ning.com|Male|81.19.200.147
462|Faydra|Stables|fstablesct@archive.org|Female|9.207.132.174
463|Constance|Denisyuk|cdenisyukcu@elpais.com|Female|225.10.65.134
464|Ody|Tubbles|otubblescv@stanford.edu|Male|204.146.9.210
465|Terrijo|Tuminelli|ttuminellicw@miitbeian.gov.cn|Female|229.0.119.163
466|Perry|Bowerman|pbowermancx@dagondesign.com|Female|144.56.254.52
467|Gizela|Joincey|gjoinceycy@mediafire.com|Female|23.208.44.41
468|Milli|Robarts|mrobartscz@bbc.co.uk|Female|51.32.64.63
469|Aksel|Hamp|ahampd0@independent.co.uk|Male|138.156.61.110
470|Ally|Menci|amencid1@behance.net|Female|139.209.240.35
471|Constantino|Parman|cparmand2@adobe.com|Male|196.81.113.83
472|Jim|Benaine|jbenained3@xrea.com|Male|199.96.134.6
473|Sella|Spadoni|sspadonid4@google.it|Female|181.147.137.178
474|Bing|Bidgood|bbidgoodd5@wired.com|Male|6.42.67.74
475|Gustav|Wale|gwaled6@techcrunch.com|Male|157.22.125.173
476|Jerad|Girardet|jgirardetd7@nyu.edu|Male|179.250.2.9
477|Seward|Scotter|sscotterd8@alibaba.com|Male|68.147.246.172
478|Emlynne|Tabourel|etaboureld9@mozilla.com|Female|12.241.136.181
479|Kathie|Dyball|kdyballda@answers.com|Female|140.165.3.159
480|Timmi|Eddington|teddingtondb@mozilla.com|Female|117.159.180.74
481|Felice|La Batie|flabatiedc@oaic.gov.au|Female|223.235.244.18
482|Nikolaus|Greenrodd|ngreenrodddd@stumbleupon.com|Male|45.137.195.140
483|Ty|Rapps|trappsde@mapquest.com|Male|41.253.116.71
484|Randi|Loughran|rloughrandf@hibu.com|Male|17.18.87.88
485|Bondie|Delooze|bdeloozedg@scientificamerican.com|Male|192.148.161.105
486|Gustave|Rounsivall|grounsivalldh@smugmug.com|Male|174.32.29.187
487|Leonore|Ballchin|lballchindi@biblegateway.com|Female|0.8.166.111
488|Pat|Yeldham|pyeldhamdj@dot.gov|Male|135.78.182.7
489|Doe|Hufton|dhuftondk@topsy.com|Female|113.35.182.76
490|Kimbra|Grioli|kgriolidl@adobe.com|Female|121.212.58.141
491|Bibbie|Dumbare|bdumbaredm@aboutads.info|Female|199.135.247.250
492|Caleb|Bramstom|cbramstomdn@paypal.com|Male|14.74.142.22
493|Stephana|White|swhitedo@un.org|Female|151.236.186.34
494|Pall|Florez|pflorezdp@tmall.com|Male|45.31.92.215
495|Crin|Kubacki|ckubackidq@weebly.com|Female|216.107.190.69
496|Garvin|Bottom|gbottomdr@vistaprint.com|Male|12.178.53.128
497|Maurizio|Treffry|mtreffryds@people.com.cn|Male|49.87.48.100
498|Matias|Brayshay|mbrayshaydt@shinystat.com|Male|57.89.248.250
499|Ardith|Skillman|askillmandu@bbb.org|Female|191.210.241.14
500|Ottilie|Stainland|ostainlanddv@vistaprint.com|Female|248.142.140.3
501|Junina|Belford|jbelforddw@vimeo.com|Female|98.151.127.150
502|Clarabelle|Devita|cdevitadx@netvibes.com|Female|210.206.183.29
503|Rosalyn|Astley|rastleydy@statcounter.com|Female|62.98.133.225
504|Emili|Bourbon|ebourbondz@mozilla.com|Female|133.94.122.241
505|Kin|McKirton|kmckirtone0@macromedia.com|Male|83.164.197.23
506|Fowler|Jerzykiewicz|fjerzykiewicze1@mail.ru|Male|161.115.202.60
507|Mayer|Gravenall|mgravenalle2@mapquest.com|Male|232.203.103.96
508|Arly|Yarnold|ayarnolde3@sbwire.com|Female|228.27.234.78
509|Cathee|Polsin|cpolsine4@flavors.me|Female|77.120.76.227
510|Francisco|Patroni|fpatronie5@barnesandnoble.com|Male|12.175.207.209
511|William|Wharton|wwhartone6@naver.com|Male|1.28.12.246
512|Cecilio|Gansbuhler|cgansbuhlere7@opera.com|Male|81.32.113.228
513|Krishnah|Fessier|kfessiere8@upenn.edu|Male|194.49.28.54
514|Anabal|Clayal|aclayale9@usatoday.com|Female|125.83.27.22
515|Brear|Andersch|banderschea@surveymonkey.com|Female|87.168.181.115
516|Lorelle|Labbett|llabbetteb@skype.com|Female|95.160.86.15
517|Marcus|Barwood|mbarwoodec@baidu.com|Male|78.96.47.222
518|Cletus|Pulford|cpulforded@adobe.com|Male|102.227.75.36
519|Terry|Sier|tsieree@e-recht24.de|Male|225.131.2.165
520|Markus|Atter|matteref@nytimes.com|Male|22.110.101.244
521|Harman|Mountain|hmountaineg@examiner.com|Male|81.112.11.7
522|Devin|Claricoats|dclaricoatseh@ifeng.com|Female|238.151.62.54
523|Donalt|Beumant|dbeumantei@yelp.com|Male|206.127.33.88
524|Salmon|McAlarney|smcalarneyej@wikipedia.org|Male|83.55.247.245
525|Genni|Sterrick|gsterrickek@bizjournals.com|Female|239.142.212.244
526|Raven|Huggons|rhuggonsel@nature.com|Female|89.231.209.226
527|Anjanette|Pennicard|apennicardem@bloglovin.com|Female|135.177.77.155
528|Engelbert|Dyerson|edyersonen@abc.net.au|Male|160.0.69.235
529|Leola|Ternent|lternenteo@ehow.com|Female|55.160.141.251
530|Deanne|Clemendet|dclemendetep@g.co|Female|168.125.145.190
531|Minor|Grimsley|mgrimsleyeq@jigsy.com|Male|158.145.241.94
532|Odessa|Eaglestone|oeaglestoneer@yale.edu|Female|111.81.115.175
533|Raff|Mauger|rmaugeres@illinois.edu|Male|14.227.79.103
534|Wadsworth|Kipling|wkiplinget@moonfruit.com|Male|62.124.210.252
535|Koralle|Rapinett|krapinetteu@usnews.com|Female|230.95.163.198
536|Nanci|De Beauchemp|ndebeauchempev@bloomberg.com|Female|86.102.16.112
537|Carry|Dallmann|cdallmannew@mtv.com|Female|119.171.20.159
538|Jaime|Pogosian|jpogosianex@quantcast.com|Female|240.59.215.108
539|Marven|Kellen|mkelleney@rambler.ru|Male|181.139.211.26
540|Noam|Lippiett|nlippiettez@businesswire.com|Male|132.108.83.147
541|Fanni|McMillian|fmcmillianf0@cbslocal.com|Female|34.210.130.227
542|Bengt|Gosford|bgosfordf1@goo.gl|Male|16.96.69.163
543|Ricardo|Izhaky|rizhakyf2@t.co|Male|32.4.31.132
544|Ebeneser|Gaynsford|egaynsfordf3@mlb.com|Male|116.30.98.103
545|Seka|Wickson|swicksonf4@stumbleupon.com|Female|157.17.59.211
546|Giovanna|Moubray|gmoubrayf5@gmpg.org|Female|197.187.150.58
547|Curtice|Evitts|cevittsf6@technorati.com|Male|104.64.200.92
548|Nonie|Vigietti|nvigiettif7@issuu.com|Female|224.4.145.3
549|Patrice|Cashen|pcashenf8@simplemachines.org|Male|49.2.191.91
550|Nate|Gonzalo|ngonzalof9@chron.com|Male|53.117.102.24
551|Marget|Riping|mripingfa@digg.com|Female|219.163.171.141
552|Blair|Scrigmour|bscrigmourfb@odnoklassniki.ru|Female|92.9.197.234
553|Rosella|Ingamells|ringamellsfc@usgs.gov|Female|96.141.14.232
554|Ainslee|Mumby|amumbyfd@google.pl|Female|183.240.217.106
555|Emily|Swatridge|eswatridgefe@360.cn|Female|237.132.220.114
556|Jillane|Charlson|jcharlsonff@telegraph.co.uk|Female|243.235.38.85
557|Lauree|Shankle|lshanklefg@so-net.ne.jp|Female|105.251.197.218
558|Wynn|Culvey|wculveyfh@latimes.com|Female|29.102.191.219
559|Lira|Shirley|lshirleyfi@deliciousdays.com|Female|148.189.188.106
560|Doralynn|Kinnear|dkinnearfj@spiegel.de|Female|15.126.120.100
561|Bonita|Waugh|bwaughfk@paypal.com|Female|179.188.115.54
562|Idelle|Gatty|igattyfl@dion.ne.jp|Female|179.65.179.132
563|Boy|Sloss|bslossfm@123-reg.co.uk|Male|96.70.10.233
564|Berrie|Pears|bpearsfn@simplemachines.org|Female|143.210.119.61
565|Lind|Silkston|lsilkstonfo@timesonline.co.uk|Male|141.24.9.104
566|Lora|Putson|lputsonfp@sbwire.com|Female|161.205.191.169
567|Tanya|Luttger|tluttgerfq@bandcamp.com|Female|37.180.133.177
568|Alleen|Dalbey|adalbeyfr@icio.us|Female|204.79.219.160
569|Lura|Venton|lventonfs@berkeley.edu|Female|32.151.0.175
570|Colan|Molden|cmoldenft@soundcloud.com|Male|67.114.233.8
571|Enos|Dietz|edietzfu@wunderground.com|Male|121.50.211.24
572|Larine|Castiello|lcastiellofv@php.net|Female|236.225.54.235
573|Chloe|Partridge|cpartridgefw@wikia.com|Female|121.36.151.241
574|Alayne|Chilver|achilverfx@imgur.com|Female|31.52.176.72
575|Timothy|Koopman|tkoopmanfy@eepurl.com|Male|169.150.228.17
576|Vinny|Bramer|vbramerfz@feedburner.com|Male|8.86.144.59
577|Alie|Bertomier|abertomierg0@cbslocal.com|Female|28.82.135.203
578|Zaria|Suttill|zsuttillg1@skype.com|Female|122.71.146.38
579|Hall|Jizhaki|hjizhakig2@cloudflare.com|Male|127.51.127.163
580|Ivonne|MacGiany|imacgianyg3@globo.com|Female|147.117.43.224
581|Ximenes|Sabater|xsabaterg4@ycombinator.com|Male|151.47.88.175
582|Barbabas|Roland|brolandg5@yandex.ru|Male|236.132.53.248
583|Arluene|De Angelo|adeangelog6@issuu.com|Female|22.133.118.254
584|Starla|Cleland|sclelandg7@ucsd.edu|Female|64.230.232.234
585|Ericka|Kirley|ekirleyg8@weather.com|Female|232.248.143.162
586|Adolpho|De Cristofalo|adecristofalog9@gizmodo.com|Male|197.112.48.113
587|Rudyard|Durham|rdurhamga@fc2.com|Male|228.229.16.231
588|Waylon|Curnokk|wcurnokkgb@buzzfeed.com|Male|125.16.194.73
589|Vail|Coventon|vcoventongc@photobucket.com|Male|82.90.85.248
590|Maryanne|Gleadhell|mgleadhellgd@clickbank.net|Female|120.116.52.190
591|Talyah|Teaser|tteaserge@utexas.edu|Female|248.137.25.49
592|Emogene|Tinman|etinmangf@diigo.com|Female|165.121.90.0
593|Maxine|Sympson|msympsongg@abc.net.au|Female|60.126.91.196
594|Bern|Tidbold|btidboldgh@ask.com|Male|172.113.61.88
595|Dacia|Godridge|dgodridgegi@mtv.com|Female|210.95.148.128
596|Rab|Markwelley|rmarkwelleygj@google.com.au|Male|153.39.160.179
597|Letti|Staterfield|lstaterfieldgk@phoca.cz|Female|0.143.0.254
598|Rosabelle|Fulk|rfulkgl@wired.com|Female|150.195.156.121
599|Alix|Pedersen|apedersengm@china.com.cn|Male|108.107.172.35
600|Jsandye|Ferminger|jfermingergn@slate.com|Female|143.58.235.98
601|Darnell|Veryard|dveryardgo@imgur.com|Male|80.115.151.118
602|Alasdair|Blease|ableasegp@dell.com|Male|161.58.67.142
603|Zitella|Havik|zhavikgq@bing.com|Female|237.150.27.175
604|Wendel|Espadas|wespadasgr@reddit.com|Male|10.35.96.29
605|Elysee|Folland|efollandgs@illinois.edu|Female|159.198.243.167
606|Fannie|Hawkins|fhawkinsgt@phoca.cz|Female|178.222.182.112
607|Carmon|Spelling|cspellinggu@flickr.com|Female|213.81.21.122
608|Giustina|Ellams|gellamsgv@virginia.edu|Female|122.187.255.25
609|Hyacinthie|Gabby|hgabbygw@mtv.com|Female|248.140.14.136
610|Ophelie|Wretham|owrethamgx@epa.gov|Female|31.84.114.13
611|Ly|Fernely|lfernelygy@usa.gov|Male|137.129.71.255
612|Margarette|Josephsen|mjosephsengz@ning.com|Female|3.221.45.96
613|Aloin|D'Hooge|adhoogeh0@slate.com|Male|243.202.154.115
614|Rickie|Hassan|rhassanh1@rediff.com|Male|66.207.31.174
615|Cortney|Lack|clackh2@ow.ly|Female|239.93.177.85
616|Jody|Doogood|jdoogoodh3@aol.com|Female|111.178.159.156
617|Vivi|Courtenay|vcourtenayh4@aol.com|Female|144.164.174.53
618|Grissel|Shackleton|gshackletonh5@berkeley.edu|Female|114.178.109.135
619|Zulema|Halligan|zhalliganh6@spotify.com|Female|15.11.187.90
620|Jodee|Ardron|jardronh7@businessinsider.com|Female|183.182.166.237
621|Birk|Oliveira|boliveirah8@nature.com|Male|254.197.226.107
622|Clemente|Murford|cmurfordh9@cmu.edu|Male|8.61.49.166
623|Angie|Huggett|ahuggettha@sourceforge.net|Female|4.229.10.173
624|Camile|Sharrock|csharrockhb@youtube.com|Female|175.244.179.121
625|Debi|Leinweber|dleinweberhc@123-reg.co.uk|Female|233.161.106.34
626|Kevin|Kingsmill|kkingsmillhd@usnews.com|Male|207.34.225.120
627|Flossi|Breitler|fbreitlerhe@trellian.com|Female|52.156.24.174
628|Any|Elsie|aelsiehf@addtoany.com|Male|107.148.55.193
629|Gretta|Domniney|gdomnineyhg@bloglovin.com|Female|210.248.189.137
630|Timmie|Liles|tlileshh@adobe.com|Female|147.198.238.24
631|Winne|Boarer|wboarerhi@salon.com|Female|9.241.27.187
632|Lauretta|Tante|ltantehj@quantcast.com|Female|243.9.185.196
633|Nannette|Ridler|nridlerhk@newsvine.com|Female|113.77.200.250
634|Chet|Banner|cbannerhl@msu.edu|Male|135.32.17.209
635|Aharon|Kezor|akezorhm@timesonline.co.uk|Male|156.154.38.77
636|Isidore|Decker|ideckerhn@paginegialle.it|Male|198.124.117.227
637|Lillis|Braime|lbraimeho@biblegateway.com|Female|16.10.166.78
638|Pamelina|De Freyne|pdefreynehp@exblog.jp|Female|114.239.139.40
639|Butch|Kinig|bkinighq@amazon.com|Male|216.104.27.49
640|Brew|Christofle|bchristoflehr@cnn.com|Male|195.120.101.83
641|Carlita|Rogers|crogershs@epa.gov|Female|212.33.145.161
642|Crawford|Whorlton|cwhorltonht@behance.net|Male|175.227.39.43
643|Richmound|Espinazo|respinazohu@ftc.gov|Male|40.123.82.125
644|Jillane|Gaiter|jgaiterhv@ted.com|Female|119.110.158.193
645|Bogart|Nertney|bnertneyhw@etsy.com|Male|192.247.72.141
646|Alice|Haldenby|ahaldenbyhx@4shared.com|Female|8.212.225.146
647|Melvin|Karchowski|mkarchowskihy@cbslocal.com|Male|144.27.120.229
648|Agnola|Pettegree|apettegreehz@census.gov|Female|96.237.224.198
649|Vidovic|Goodspeed|vgoodspeedi0@networksolutions.com|Male|60.195.7.165
650|Valentia|Pierson|vpiersoni1@github.com|Female|53.85.148.204
651|Vere|Murphey|vmurpheyi2@constantcontact.com|Female|249.202.130.210
652|Helga|Fettiplace|hfettiplacei3@mashable.com|Female|32.155.199.7
653|Yankee|Bentzen|ybentzeni4@cbslocal.com|Male|229.212.151.232
654|Corinne|Treasaden|ctreasadeni5@pbs.org|Female|218.114.44.43
655|Stefania|Sivell|ssivelli6@alibaba.com|Female|30.76.126.203
656|Alia|MacKenney|amackenneyi7@printfriendly.com|Female|153.114.174.241
657|Wilmar|Sapp|wsappi8@mtv.com|Male|119.172.72.210
658|Michell|Gulliford|mgullifordi9@hud.gov|Female|4.18.239.153
659|Alfreda|Meeny|ameenyia@ehow.com|Female|228.21.51.100
660|Lauralee|Rennock|lrennockib@hubpages.com|Female|22.11.223.192
661|Cordie|Wimp|cwimpic@amazonaws.com|Female|16.133.91.244
662|Bearnard|Martinovic|bmartinovicid@icio.us|Male|65.207.50.220
663|Zandra|Durward|zdurwardie@mysql.com|Female|127.54.20.141
664|Jojo|Leftwich|jleftwichif@lycos.com|Female|163.150.2.113
665|Cello|Belcher|cbelcherig@ca.gov|Male|32.21.241.7
666|Sullivan|Ivanchin|sivanchinih@nyu.edu|Male|232.108.91.34
667|Vivyanne|De La Coste|vdelacosteii@sitemeter.com|Female|92.89.152.236
668|Samuel|Kitman|skitmanij@shutterfly.com|Male|28.175.145.43
669|Raymund|Cereceres|rcereceresik@ca.gov|Male|147.37.91.12
670|Curran|Arnau|carnauil@wikispaces.com|Male|177.47.167.163
671|Kinnie|Hickenbottom|khickenbottomim@google.it|Male|166.211.195.176
672|Dallas|Bythway|dbythwayin@buzzfeed.com|Female|89.98.17.88
673|Nerita|Wilde|nwildeio@gizmodo.com|Female|6.213.9.82
674|Annalee|Bamb|abambip@umn.edu|Female|214.240.160.238
675|Andrej|Tidbold|atidboldiq@squidoo.com|Male|163.243.85.170
676|Sybyl|Roughan|sroughanir@rediff.com|Female|121.138.74.161
677|Merci|Jaher|mjaheris@blogs.com|Female|38.108.166.3
678|Garrott|Beckey|gbeckeyit@behance.net|Male|168.238.252.161
679|Patsy|Issit|pissitiu@photobucket.com|Female|176.179.106.129
680|Lauraine|Marchelli|lmarchelliiv@thetimes.co.uk|Female|138.252.95.238
681|Ursulina|Deeny|udeenyiw@wikipedia.org|Female|230.57.81.27
682|Ebba|Moy|emoyix@omniture.com|Female|104.23.145.205
683|Linnie|Wandtke|lwandtkeiy@gravatar.com|Female|59.66.61.31
684|Edd|Bennetts|ebennettsiz@google.ru|Male|27.117.150.56
685|Harmonia|Gosnay|hgosnayj0@phoca.cz|Female|179.144.46.146
686|Butch|Clemo|bclemoj1@imgur.com|Male|253.111.74.136
687|Adam|Easom|aeasomj2@google.de|Male|113.230.18.31
688|Ange|Livens|alivensj3@paypal.com|Female|9.181.110.79
689|Syd|Housam|shousamj4@discovery.com|Male|220.143.209.91
690|Ozzy|Lingner|olingnerj5@google.ru|Male|183.47.27.11
691|Natalya|Elliker|nellikerj6@sina.com.cn|Female|34.0.204.19
692|Scot|Bramer|sbramerj7@ocn.ne.jp|Male|111.223.64.140
693|Adora|Ramble|aramblej8@gnu.org|Female|15.105.232.184
694|Ludovico|Dugdale|ldugdalej9@prweb.com|Male|119.131.174.162
695|Karlis|Freiburger|kfreiburgerja@whitehouse.gov|Male|30.106.194.227
696|Lock|Matanin|lmataninjb@acquirethisname.com|Male|198.255.255.147
697|Cash|McReath|cmcreathjc@pagesperso-orange.fr|Male|38.182.131.125
698|Corty|Mullineux|cmullineuxjd@jigsy.com|Male|102.164.217.201
699|Pandora|Arnot|parnotje@army.mil|Female|209.56.182.45
700|Freedman|Fahrenbacher|ffahrenbacherjf@stanford.edu|Male|1.3.143.229
701|Nonnah|Samsonsen|nsamsonsenjg@weather.com|Female|131.150.34.216
702|Marybeth|Ridd|mriddjh@indiegogo.com|Female|144.158.199.94
703|Marianna|Stiegars|mstiegarsji@spotify.com|Female|200.159.105.214
704|Lee|Waberer|lwabererjj@admin.ch|Male|232.251.50.51
705|Eolande|Cardall|ecardalljk@elegantthemes.com|Female|30.153.153.9
706|Cordelie|Hurdedge|churdedgejl@squidoo.com|Female|33.194.109.235
707|Yank|Steptowe|ysteptowejm@live.com|Male|75.102.146.13
708|Cariotta|Leadbetter|cleadbetterjn@booking.com|Female|206.184.116.20
709|Jonie|Langdridge|jlangdridgejo@arizona.edu|Female|118.250.94.92
710|Glenden|Allport|gallportjp@mapy.cz|Male|86.104.206.167
711|Gardner|Mackstead|gmacksteadjq@ucoz.com|Male|142.172.232.23
712|Dex|Liggens|dliggensjr@mapquest.com|Male|210.202.73.124
713|Dexter|Eastham|deasthamjs@whitehouse.gov|Male|100.124.219.174
714|Frants|Eary|fearyjt@jugem.jp|Male|67.62.149.64
715|Colby|Skaife|cskaifeju@goo.ne.jp|Male|128.57.167.32
716|Evangelin|Pettitt|epettittjv@nba.com|Female|14.227.52.164
717|Torey|Barrass|tbarrassjw@facebook.com|Female|47.159.180.116
718|Suzi|Hogbin|shogbinjx@army.mil|Female|35.7.75.149
719|Violette|Colliard|vcolliardjy@aboutads.info|Female|114.6.148.55
720|Carmon|Spurdle|cspurdlejz@vistaprint.com|Female|205.255.253.210
721|Gabi|Harlowe|gharlowek0@wufoo.com|Male|88.148.126.184
722|Carce|Tubridy|ctubridyk1@admin.ch|Male|55.111.153.252
723|Thom|Winckle|twincklek2@hhs.gov|Male|98.217.10.92
724|Boony|Coldbreath|bcoldbreathk3@howstuffworks.com|Male|33.4.80.177
725|Carmine|Bachman|cbachmank4@vk.com|Female|210.68.25.130
726|Nevil|Hindes|nhindesk5@mlb.com|Male|194.122.167.175
727|Dwain|Minerdo|dminerdok6@creativecommons.org|Male|71.105.225.21
728|Carmina|Gibberd|cgibberdk7@cpanel.net|Female|10.194.117.219
729|Marlo|Pudge|mpudgek8@purevolume.com|Male|190.17.117.80
730|Marshall|Reckus|mreckusk9@globo.com|Male|62.41.47.236
731|Vidovic|Rymer|vrymerka@phoca.cz|Male|169.86.81.27
732|Alonzo|Patinkin|apatinkinkb@rakuten.co.jp|Male|116.20.212.96
733|Bill|Steutly|bsteutlykc@imdb.com|Male|189.249.104.220
734|Celesta|Neely|cneelykd@bizjournals.com|Female|227.42.144.224
735|Stuart|Llorens|sllorenske@rambler.ru|Male|120.96.176.253
736|Bari|Jayme|bjaymekf@studiopress.com|Female|44.106.31.110
737|Mendy|Birtwistle|mbirtwistlekg@symantec.com|Male|251.5.52.107
738|Erastus|Bomfield|ebomfieldkh@blogspot.com|Male|73.159.82.78
739|Celinka|Puddicombe|cpuddicombeki@imageshack.us|Female|31.20.66.208
740|Nicolais|Osgar|nosgarkj@home.pl|Male|205.105.145.187
741|Kristien|Dibbert|kdibbertkk@indiatimes.com|Female|224.20.212.207
742|Laurens|Speight|lspeightkl@scientificamerican.com|Male|196.183.229.9
743|Darbie|Backs|dbackskm@java.com|Female|116.204.94.165
744|Loree|O'Leary|lolearykn@facebook.com|Female|89.169.11.87
745|Mab|Tidy|mtidyko@tiny.cc|Female|245.228.249.210
746|Mariam|Joannet|mjoannetkp@qq.com|Female|229.6.61.195
747|Denni|Jeandon|djeandonkq@xing.com|Female|218.78.184.69
748|Wright|Iron|wironkr@freewebs.com|Male|213.39.91.84
749|Derek|Torns|dtornsks@noaa.gov|Male|169.202.6.192
750|Caspar|Baumber|cbaumberkt@gravatar.com|Male|239.204.63.28
751|Clarinda|Paddison|cpaddisonku@github.com|Female|162.173.207.53
752|Findlay|McCoid|fmccoidkv@fotki.com|Male|194.181.165.15
753|Marys|Toquet|mtoquetkw@storify.com|Female|136.151.89.98
754|Querida|O' Bee|qobeekx@pen.io|Female|184.24.71.0
755|Lindie|Crysell|lcrysellky@freewebs.com|Female|129.149.74.17
756|Papageno|Coakley|pcoakleykz@google.cn|Male|19.183.17.172
757|Ernestus|Swinfon|eswinfonl0@freewebs.com|Male|233.208.190.86
758|Kassey|Klulik|kklulikl1@github.io|Female|11.240.213.228
759|Polly|Viger|pvigerl2@netscape.com|Female|74.145.135.91
760|Corey|Watmough|cwatmoughl3@patch.com|Female|80.130.239.215
761|Lana|Sket|lsketl4@foxnews.com|Female|208.154.119.216
762|Auberta|Dulin|adulinl5@cmu.edu|Female|158.26.129.112
763|Tabatha|Pohlke|tpohlkel6@usa.gov|Female|54.168.32.105
764|Mallissa|Brewett|mbrewettl7@sourceforge.net|Female|221.23.51.211
765|Rusty|Parncutt|rparncuttl8@angelfire.com|Male|128.155.115.174
766|Cecilia|Robbert|crobbertl9@army.mil|Female|28.10.166.253
767|Wilbur|Smoughton|wsmoughtonla@cnet.com|Male|90.41.163.206
768|Florentia|Beddo|fbeddolb@amazon.com|Female|73.58.156.138
769|Rosamund|Riby|rribylc@ox.ac.uk|Female|160.174.171.234
770|Harmon|Eidelman|heidelmanld@yahoo.co.jp|Male|139.100.181.243
771|Christi|Copcutt|ccopcuttle@instagram.com|Female|150.10.151.181
772|Collette|Southern|csouthernlf@reverbnation.com|Female|227.67.37.133
773|Garvin|Huson|ghusonlg@unicef.org|Male|18.141.247.45
774|Estevan|O'Day|eodaylh@sciencedirect.com|Male|171.197.166.157
775|Rivalee|Goodhew|rgoodhewli@who.int|Female|168.83.95.16
776|Erroll|Stothart|estothartlj@oracle.com|Male|194.81.2.149
777|Samuele|Pulhoster|spulhosterlk@cisco.com|Male|48.172.4.206
778|Angie|Nolda|anoldall@t.co|Male|135.112.79.242
779|Tabbi|Iddons|tiddonslm@ihg.com|Female|76.71.220.96
780|Fanya|Greenshiels|fgreenshielsln@webeden.co.uk|Female|89.184.181.207
781|Shani|Knutton|sknuttonlo@economist.com|Female|157.119.76.103
782|Angil|Stellin|astellinlp@qq.com|Female|147.161.230.27
783|Jermain|MacPeice|jmacpeicelq@ebay.co.uk|Male|24.182.211.96
784|Camey|Sharram|csharramlr@canalblog.com|Male|53.38.19.174
785|Hyacinthia|Putland|hputlandls@paypal.com|Female|53.200.148.132
786|Dani|MacColgan|dmaccolganlt@tripadvisor.com|Female|101.56.76.188
787|Ninnette|Gippes|ngippeslu@addtoany.com|Female|88.82.37.8
788|Myrtie|Meneo|mmeneolv@hugedomains.com|Female|19.112.94.135
789|Geraldine|Bodill|gbodilllw@ft.com|Female|197.10.164.33
790|Agosto|Vakhlov|avakhlovlx@lulu.com|Male|120.189.241.137
791|Robin|Szabo|rszaboly@360.cn|Female|120.185.33.96
792|Johan|Cooling|jcoolinglz@ucoz.com|Male|10.221.34.197
793|Emlen|Stoffel|estoffelm0@infoseek.co.jp|Male|9.100.203.238
794|Cordy|Carmel|ccarmelm1@freewebs.com|Male|236.240.90.182
795|Sherill|Pollock|spollockm2@ox.ac.uk|Female|144.147.79.54
796|Theodoric|Dumbarton|tdumbartonm3@eventbrite.com|Male|221.82.16.192
797|Ellie|Griggs|egriggsm4@php.net|Female|40.119.103.42
798|Nerita|Staples|nstaplesm5@mozilla.org|Female|38.6.43.254
799|Eloise|Bannester|ebannesterm6@godaddy.com|Female|74.137.73.133
800|Rita|Hudless|rhudlessm7@reference.com|Female|19.144.25.38
801|Heda|Connechie|hconnechiem8@mapy.cz|Female|195.80.179.251
802|Milton|Gerasch|mgeraschm9@purevolume.com|Male|16.202.59.38
803|Odille|Fibbings|ofibbingsma@noaa.gov|Female|141.150.125.0
804|Deny|Naisby|dnaisbymb@ted.com|Female|98.206.247.55
805|Shanda|Rodriguez|srodriguezmc@lycos.com|Female|26.38.213.175
806|Isabelle|Epinay|iepinaymd@omniture.com|Female|146.76.147.212
807|Debra|Sealy|dsealyme@canalblog.com|Female|94.211.198.249
808|Marley|Adcocks|madcocksmf@digg.com|Female|151.81.57.189
809|Tedmund|Ible|tiblemg@cocolog-nifty.com|Male|163.148.116.224
810|Earlie|Merryweather|emerryweathermh@yellowbook.com|Male|57.114.201.220
811|Sherm|Brun|sbrunmi@hubpages.com|Male|27.59.47.27
812|Clemente|Featherstonhaugh|cfeatherstonhaughmj@dedecms.com|Male|198.119.192.104
813|Malva|Druhan|mdruhanmk@webnode.com|Female|224.184.80.111
814|Janith|Asals|jasalsml@bloomberg.com|Female|93.32.171.247
815|Archambault|Sommerland|asommerlandmm@wufoo.com|Male|27.105.129.185
816|Cchaddie|Spilsted|cspilstedmn@businessweek.com|Male|138.239.34.0
817|Gene|Wilcot|gwilcotmo@blogtalkradio.com|Male|154.230.29.33
818|Sher|Pappin|spappinmp@timesonline.co.uk|Female|7.101.174.165
819|Gran|Knudsen|gknudsenmq@techcrunch.com|Male|164.240.217.230
820|Fidelity|Pankethman|fpankethmanmr@elegantthemes.com|Female|212.7.176.49
821|Urson|Ginnane|uginnanems@topsy.com|Male|200.39.144.77
822|Adina|Smithson|asmithsonmt@symantec.com|Female|224.147.47.94
823|Marlo|MacBey|mmacbeymu@umn.edu|Male|153.213.35.14
824|Bear|Egentan|begentanmv@lulu.com|Male|63.147.142.84
825|Rosemonde|Life|rlifemw@xinhuanet.com|Female|107.68.116.83
826|Misty|Jonuzi|mjonuzimx@arstechnica.com|Female|141.95.194.192
827|Tedie|Gianetti|tgianettimy@google.co.jp|Male|128.25.69.95
828|Erastus|Symcox|esymcoxmz@amazon.co.jp|Male|166.132.235.196
829|Arnoldo|Peebles|apeeblesn0@umn.edu|Male|164.50.66.46
830|Deny|Maskill|dmaskilln1@amazon.com|Female|100.138.149.255
831|Hersh|Brugman|hbrugmann2@dot.gov|Male|100.197.123.218
832|Lawrence|Molan|lmolann3@npr.org|Male|110.51.33.204
833|Athene|Arnowitz|aarnowitzn4@tinypic.com|Female|69.178.97.194
834|Denise|Lowmass|dlowmassn5@aboutads.info|Female|45.125.183.18
835|James|Fairfoull|jfairfoulln6@usda.gov|Male|205.0.157.214
836|Cly|O'Noland|conolandn7@cloudflare.com|Male|90.142.210.122
837|Jefferey|Odger|jodgern8@state.gov|Male|84.214.243.42
838|Judye|Mountcastle|jmountcastlen9@salon.com|Female|70.78.178.219
839|Josefina|Longstaff|jlongstaffna@issuu.com|Female|45.14.221.193
840|Hendrick|Fragino|hfraginonb@symantec.com|Male|170.236.20.168
841|Lotti|Coldwell|lcoldwellnc@a8.net|Female|225.64.109.133
842|Sandra|Stanman|sstanmannd@usgs.gov|Female|88.57.155.112
843|Corrinne|Neads|cneadsne@yahoo.co.jp|Female|117.31.116.89
844|Guinevere|Buntain|gbuntainnf@washington.edu|Female|224.24.167.208
845|Roseanne|Pearman|rpearmanng@forbes.com|Female|40.169.4.21
846|Windham|Weathey|wweatheynh@bravesites.com|Male|135.52.16.213
847|Diane-marie|Savidge|dsavidgeni@barnesandnoble.com|Female|252.10.106.166
848|Beth|Akast|bakastnj@squidoo.com|Female|136.75.249.93
849|Alvin|Curee|acureenk@ebay.co.uk|Male|155.245.249.197
850|Sheff|Gervaise|sgervaisenl@latimes.com|Male|80.47.128.43
851|Teddy|Elliston|tellistonnm@bloomberg.com|Male|253.193.171.51
852|Dwain|Beenham|dbeenhamnn@microsoft.com|Male|87.240.223.247
853|Tisha|Gallety|tgalletyno@wunderground.com|Female|129.139.159.69
854|Marti|Borres|mborresnp@indiatimes.com|Female|125.12.171.7
855|Griffin|Gallamore|ggallamorenq@homestead.com|Male|16.44.122.236
856|Anna-diana|Babbe|ababbenr@163.com|Female|16.108.42.234
857|Hillie|Farrall|hfarrallns@i2i.jp|Male|66.69.193.227
858|Alonzo|Wolfit|awolfitnt@wikimedia.org|Male|116.246.161.123
859|Caryl|Lumsdall|clumsdallnu@mediafire.com|Male|185.222.196.20
860|Francklyn|Landal|flandalnv@hugedomains.com|Male|79.114.47.207
861|Darelle|Kerbler|dkerblernw@aboutads.info|Female|250.231.125.168
862|Maure|Warrillow|mwarrillownx@mapy.cz|Female|245.60.141.109
863|Gayle|Criag|gcriagny@wordpress.org|Male|237.176.244.114
864|Joby|Joysey|jjoyseynz@posterous.com|Female|165.41.147.77
865|Bone|Stanbro|bstanbroo0@salon.com|Male|232.126.73.63
866|Bathsheba|Tuting|btutingo1@upenn.edu|Female|79.235.35.147
867|Yancey|Boswell|yboswello2@cbc.ca|Male|39.130.137.250
868|Ursulina|Caville|ucavilleo3@so-net.ne.jp|Female|180.82.91.74
869|Claudell|Sarjant|csarjanto4@statcounter.com|Male|141.18.36.220
870|Bonnie|Trahmel|btrahmelo5@indiegogo.com|Female|71.32.166.189
871|Tuckie|Strood|tstroodo6@e-recht24.de|Male|6.26.33.77
872|Shea|McEntee|smcenteeo7@sphinn.com|Female|19.201.47.1
873|Eldredge|Alflatt|ealflatto8@mayoclinic.com|Male|168.158.40.231
874|D'arcy|Pring|dpringo9@adobe.com|Male|165.235.232.187
875|Malchy|Mailey|mmaileyoa@fc2.com|Male|24.148.75.131
876|Baillie|Tanman|btanmanob@salon.com|Male|226.83.131.3
877|Courtnay|Slott|cslottoc@ebay.com|Male|150.208.133.52
878|Estella|Pembridge|epembridgeod@elpais.com|Female|20.159.96.215
879|Dorise|Schruyers|dschruyersoe@mysql.com|Female|53.37.9.127
880|Shirlene|Smale|ssmaleof@artisteer.com|Female|149.108.166.84
881|Radcliffe|McGennis|rmcgennisog@com.com|Male|44.16.118.89
882|Udall|Robbs|urobbsoh@cocolog-nifty.com|Male|47.131.172.114
883|Phil|Cobley|pcobleyoi@ezinearticles.com|Male|42.221.0.28
884|Hewet|Eite|heiteoj@smugmug.com|Male|29.244.52.111
885|Darcy|Fancy|dfancyok@mit.edu|Female|75.39.100.78
886|Tibold|Hoble|thobleol@furl.net|Male|121.111.99.116
887|Mallory|Forst|mforstom@whitehouse.gov|Male|168.34.85.191
888|Washington|Petche|wpetcheon@google.co.uk|Male|211.118.75.196
889|Katlin|Johnigan|kjohniganoo@usgs.gov|Female|22.217.22.218
890|Annelise|Dudding|aduddingop@constantcontact.com|Female|143.255.91.69
891|Casey|Denacamp|cdenacampoq@salon.com|Male|183.66.64.237
892|Wade|Hartzog|whartzogor@deviantart.com|Male|145.103.40.58
893|Jessey|Everleigh|jeverleighos@imdb.com|Male|229.57.204.209
894|Harmony|Goodhew|hgoodhewot@psu.edu|Female|97.3.158.209
895|Corliss|Galilee|cgalileeou@msn.com|Female|17.7.247.174
896|Mureil|Corrett|mcorrettov@photobucket.com|Female|87.44.13.198
897|Kylynn|Benfell|kbenfellow@flickr.com|Female|232.142.245.127
898|Genna|Geroldi|ggeroldiox@bizjournals.com|Female|219.23.137.251
899|Kial|McGuckin|kmcguckinoy@addthis.com|Female|234.92.7.162
900|Burl|Teasell|bteaselloz@arstechnica.com|Male|89.166.25.162
901|Stirling|Jorez|sjorezp0@networksolutions.com|Male|117.217.142.88
902|Dexter|Deveraux|ddeverauxp1@diigo.com|Male|202.44.233.179
903|Lynda|Parradine|lparradinep2@altervista.org|Female|161.22.225.198
904|Clerkclaude|Rushton|crushtonp3@wordpress.org|Male|53.20.183.64
905|Ulysses|Vondracek|uvondracekp4@gizmodo.com|Male|161.35.80.148
906|Salomone|Osan|sosanp5@usgs.gov|Male|186.25.238.2
907|Aaron|Setch|asetchp6@g.co|Male|251.163.243.253
908|Marc|Sacker|msackerp7@jimdo.com|Male|90.141.6.199
909|Brook|Hookes|bhookesp8@ebay.com|Female|143.125.193.112
910|Beverie|Mowson|bmowsonp9@t-online.de|Female|250.85.7.58
911|Emmey|Petrello|epetrellopa@engadget.com|Female|78.22.49.121
912|Lynnelle|Thelwll|lthelwllpb@blogger.com|Female|156.138.154.206
913|Loralyn|Pearce|lpearcepc@indiatimes.com|Female|166.4.116.111
914|Lucas|Cathersides|lcathersidespd@japanpost.jp|Male|118.214.35.160
915|Bowie|Eakle|beaklepe@npr.org|Male|192.23.234.86
916|Karina|Coite|kcoitepf@ibm.com|Female|44.63.173.131
917|Tera|Blackham|tblackhampg@si.edu|Female|137.104.115.24
918|Amara|Rough|aroughph@google.com|Female|87.203.8.60
919|Ailina|Marfe|amarfepi@ycombinator.com|Female|78.201.147.51
920|Mal|Saint|msaintpj@tinyurl.com|Male|185.191.109.43
921|Staci|Lytle|slytlepk@pbs.org|Female|47.231.150.168
922|Perry|Endean|pendeanpl@yahoo.com|Male|238.6.173.61
923|Aline|Spacy|aspacypm@list-manage.com|Female|68.228.107.97
924|Beret|Schouthede|bschouthedepn@amazon.com|Female|126.162.40.218
925|Deny|Tibbles|dtibblespo@yahoo.com|Female|121.254.189.134
926|Ara|Hullock|ahullockpp@accuweather.com|Male|135.239.214.49
927|Porter|Saffran|psaffranpq@cdbaby.com|Male|204.161.158.230
928|Pierette|Polkinghorne|ppolkinghornepr@bloglovin.com|Female|242.74.212.238
929|Tannie|Frewer|tfrewerps@gravatar.com|Male|162.239.236.151
930|Dud|Nerger|dnergerpt@lulu.com|Male|59.241.72.161
931|Jamal|Leith|jleithpu@ebay.com|Male|49.222.116.144
932|Loralie|Banstead|lbansteadpv@over-blog.com|Female|4.252.87.201
933|Mar|Osment|mosmentpw@mashable.com|Male|221.201.143.242
934|Dasya|Stirtle|dstirtlepx@webmd.com|Female|128.221.32.46
935|Gilberta|Woodgate|gwoodgatepy@github.io|Female|239.73.155.157
936|Moe|Harpur|mharpurpz@webnode.com|Male|81.244.90.161
937|Fancy|Kilner|fkilnerq0@craigslist.org|Female|211.136.151.27
938|Edwin|MacCorkell|emaccorkellq1@flickr.com|Male|152.234.217.159
939|Zacharie|Brands|zbrandsq2@tmall.com|Male|210.182.46.174
940|Alice|Harring|aharringq3@nps.gov|Female|33.125.49.246
941|Zacharie|Dennis|zdennisq4@un.org|Male|4.191.34.176
942|Morly|Creswell|mcreswellq5@google.ru|Male|7.242.247.23
943|Fran|Baines|fbainesq6@reddit.com|Female|140.215.222.142
944|Natalee|Mullany|nmullanyq7@blogspot.com|Female|50.149.210.148
945|Garwin|Whyman|gwhymanq8@blogger.com|Male|95.229.120.134
946|Goober|Rusbridge|grusbridgeq9@telegraph.co.uk|Male|43.2.247.247
947|Miof mela|Keighly|mkeighlyqa@360.cn|Female|31.13.0.181
948|Alvin|Geratasch|agerataschqb@miibeian.gov.cn|Male|39.235.245.219
949|Ewell|Radmore|eradmoreqc@upenn.edu|Male|233.50.14.35
950|Tamma|Fincher|tfincherqd@un.org|Female|238.225.44.133
951|Ashlen|Hatchell|ahatchellqe@skyrock.com|Female|215.200.182.101
952|Burke|Zealy|bzealyqf@e-recht24.de|Male|223.13.108.31
953|Robinson|Drinkale|rdrinkaleqg@gizmodo.com|Male|98.133.62.157
954|Wernher|Hows|whowsqh@netvibes.com|Male|220.56.88.223
955|Cecily|Bedingfield|cbedingfieldqi@smugmug.com|Female|5.132.62.249
956|Anica|O'Dyvoy|aodyvoyqj@ed.gov|Female|44.173.120.89
957|Sansone|O'Flaherty|soflahertyqk@sourceforge.net|Male|195.134.226.151
958|Misha|Casbolt|mcasboltql@prlog.org|Female|68.122.96.118
959|Jory|Adamczewski|jadamczewskiqm@ezinearticles.com|Male|139.68.74.186
960|Marne|Oldland|moldlandqn@behance.net|Female|247.95.213.114
961|Robbie|Bahl|rbahlqo@dailymotion.com|Male|184.224.218.59
962|Hagen|Skypp|hskyppqp@latimes.com|Male|177.177.114.165
963|Isidro|Findlay|ifindlayqq@examiner.com|Male|163.201.111.47
964|Giana|Dilon|gdilonqr@free.fr|Female|41.149.152.97
965|Daloris|Bartleman|dbartlemanqs@go.com|Female|6.107.99.73
966|Gustavo|Preedy|gpreedyqt@godaddy.com|Male|61.42.17.17
967|Mill|Carse|mcarsequ@woothemes.com|Male|167.101.72.225
968|Mechelle|Beddard|mbeddardqv@4shared.com|Female|161.198.35.240
969|Corri|Godfery|cgodferyqw@51.la|Female|60.122.210.211
970|Roddie|Filippello|rfilippelloqx@nsw.gov.au|Male|28.199.102.182
971|Candie|Alwen|calwenqy@ow.ly|Female|164.86.94.227
972|Edna|Seyers|eseyersqz@cbsnews.com|Female|176.89.83.249
973|Finn|Einchcombe|feinchcomber0@sbwire.com|Male|138.237.91.245
974|Ynes|Lomas|ylomasr1@privacy.gov.au|Female|18.107.11.34
975|Thorpe|Helstrom|thelstromr2@shutterfly.com|Male|178.92.43.50
976|Bruis|Ogle|bogler3@ifeng.com|Male|155.69.198.26
977|Fred|Spoole|fspooler4@intel.com|Male|204.230.164.11
978|Adah|Palombi|apalombir5@lulu.com|Female|242.227.100.167
979|Rosella|Dicty|rdictyr6@bloglovin.com|Female|227.108.104.244
980|Nanete|Churms|nchurmsr7@ca.gov|Female|18.75.247.82
981|Jenica|Prentice|jprenticer8@amazon.co.jp|Female|181.210.120.206
982|Gaye|Weall|gweallr9@cisco.com|Female|67.220.83.97
983|Lauren|Culver|lculverra@netlog.com|Female|205.208.98.57
984|Ciro|Kloss|cklossrb@paginegialle.it|Male|3.120.188.93
985|Lydon|Mattedi|lmattedirc@wikipedia.org|Male|216.157.41.24
986|Marcelle|Petow|mpetowrd@guardian.co.uk|Female|14.31.55.220
987|Darryl|Carrabott|dcarrabottre@marketwatch.com|Male|7.164.85.175
988|Teodora|Liddington|tliddingtonrf@tamu.edu|Female|148.171.112.33
989|Olia|Roscam|oroscamrg@zdnet.com|Female|91.198.65.131
990|Erhart|Boribal|eboribalrh@intel.com|Male|195.3.191.67
991|Worth|Janous|wjanousri@nbcnews.com|Male|76.129.54.229
992|Trish|Gonneau|tgonneaurj@chicagotribune.com|Female|67.95.242.210
993|Scarface|Gamlin|sgamlinrk@unblog.fr|Male|117.205.77.186
994|Bink|Sancto|bsanctorl@dyndns.org|Male|186.229.146.221
995|Estrellita|Morris|emorrisrm@hugedomains.com|Female|225.227.68.187
996|Sondra|Bilson|sbilsonrn@smugmug.com|Female|151.22.66.6
997|Towny|MacLaughlin|tmaclaughlinro@unblog.fr|Male|26.151.64.210
998|Valerie|Coxhead|vcoxheadrp@list-manage.com|Female|236.61.6.9
999|Clayton|Pasek|cpasekrq@epa.gov|Male|242.188.233.177
1000|Tybalt|Fussie|tfussierr@salon.com|Male|22.90.151.6
